epoch,time,train/loss,metrics/accuracy_top1,metrics/accuracy_top5,val/loss,lr/pg0,lr/pg1,lr/pg2
1,5.06003,1.95291,0.57895,0.87719,1.50777,9.163e-05,9.163e-05,9.163e-05
2,10.9338,1.02368,0.7193,0.91228,1.1267,0.000189219,0.000189219,0.000189219
3,16.5874,0.53318,0.80702,0.98246,0.81353,0.000284334,0.000284334,0.000284334
4,22.2671,0.29868,0.82456,0.96491,0.72838,0.000376975,0.000376975,0.000376975
5,27.4173,0.19824,0.82456,1,0.62159,0.000467142,0.000467142,0.000467142
6,32.6893,0.1462,0.82456,0.98246,0.81848,0.000554835,0.000554835,0.000554835
7,37.7834,0.1439,0.85965,0.98246,0.60312,0.000640054,0.000640054,0.000640054
8,42.9459,0.11632,0.84211,1,0.79132,0.000722799,0.000722799,0.000722799
9,48.1562,0.17136,0.89474,1,0.65302,0.000750533,0.000750533,0.000750533
10,53.2165,0.11061,0.80702,1,0.76448,0.000740225,0.000740225,0.000740225
11,58.2636,0.11471,0.85965,0.98246,0.68332,0.000729916,0.000729916,0.000729916
12,62.6461,0.11307,0.77193,1,0.85401,0.000719608,0.000719608,0.000719608
13,67.2768,0.11732,0.85965,1,0.97994,0.000709299,0.000709299,0.000709299
14,71.5232,0.17297,0.80702,1,1.0059,0.000698991,0.000698991,0.000698991
15,75.4074,0.10672,0.85965,1,0.6783,0.000688683,0.000688683,0.000688683
16,79.235,0.11306,0.82456,0.98246,0.85382,0.000678374,0.000678374,0.000678374
17,83.0819,0.09417,0.84211,0.96491,1.01649,0.000668066,0.000668066,0.000668066
18,87.3781,0.07331,0.89474,0.96491,0.7359,0.000657758,0.000657758,0.000657758
19,92.2844,0.09835,0.85965,0.96491,0.86823,0.000647449,0.000647449,0.000647449
20,97.2105,0.05154,0.78947,0.98246,1.27321,0.000637141,0.000637141,0.000637141
21,102.065,0.05535,0.78947,0.98246,1.15035,0.000626832,0.000626832,0.000626832
22,106.968,0.06075,0.85965,0.98246,0.89054,0.000616524,0.000616524,0.000616524
23,111.911,0.06136,0.89474,0.98246,0.93688,0.000606216,0.000606216,0.000606216
24,116.854,0.08099,0.80702,0.98246,1.12454,0.000595907,0.000595907,0.000595907
25,121.821,0.04645,0.78947,1,1.36319,0.000585599,0.000585599,0.000585599
26,126.853,0.03964,0.78947,1,1.26043,0.000575291,0.000575291,0.000575291
27,131.839,0.03027,0.80702,1,1.22682,0.000564982,0.000564982,0.000564982
28,137.112,0.05857,0.84211,1,0.92997,0.000554674,0.000554674,0.000554674
29,142.19,0.03104,0.87719,1,0.75349,0.000544365,0.000544365,0.000544365
30,146.737,0.03589,0.84211,1,0.77199,0.000534057,0.000534057,0.000534057
31,151.103,0.02032,0.84211,1,1.04815,0.000523749,0.000523749,0.000523749
32,155.452,0.03249,0.82456,1,1.19815,0.00051344,0.00051344,0.00051344
33,159.542,0.04851,0.82456,1,1.10397,0.000503132,0.000503132,0.000503132
34,163.75,0.03188,0.87719,1,0.93857,0.000492824,0.000492824,0.000492824
